{
    "full_framework": {
        "Comprehensiveness": 5.0,
        "Empowerment": 5.0,
        "Trustworthiness": 5.0,
        "Depth": 5.0,
        "Density": 5.0,
        "Overall Score": 5.0
    },
    "baseline_with_debate": {
        "Comprehensiveness": 4.852941176470588,
        "Empowerment": 4.852941176470588,
        "Trustworthiness": 4.852941176470588,
        "Depth": 4.882352941176471,
        "Density": 4.852941176470588,
        "Overall Score": 4.852941176470588
    },
    "no_debate": {
        "Comprehensiveness": 4.882352941176471,
        "Empowerment": 4.882352941176471,
        "Trustworthiness": 4.882352941176471,
        "Depth": 4.852941176470588,
        "Density": 4.882352941176471,
        "Overall Score": 4.882352941176471
    },
    "critique_with_evidence": {
        "Comprehensiveness": 4.970588235294118,
        "Empowerment": 4.970588235294118,
        "Trustworthiness": 4.970588235294118,
        "Depth": 4.970588235294118,
        "Density": 4.970588235294118,
        "Overall Score": 4.970588235294118
    },
    "defender_no_tools": {
        "Comprehensiveness": 5.0,
        "Empowerment": 5.0,
        "Trustworthiness": 5.0,
        "Depth": 5.0,
        "Density": 5.0,
        "Overall Score": 5.0
    }
}